{
  "G0_approx": {
    "pass": true,
    "mid_cagr": 0.3237094378675802,
    "synth_cagr": 0.31965552940705
  },
  "G1_perturb": {
    "pass": true,
    "spread": 0.12079947312983008,
    "gates": "13/13"
  },
  "G2_val": {
    "pass": 0.0,
    "cagr": 0.1897167542277256,
    "sharpe": 0.9425036832802319,
    "mdd": -0.19413186804964122,
    "h1": 0.0006422262618619445,
    "need_sharpe": 0.9734314051222576
  }
}