{
  "primary_d11": {
    "tag": "d11",
    "G1": {
      "pass": true,
      "spread": 0.061448113277310146,
      "gates": "9/9",
      "dev": {
        "cagr": 0.3339861225940175,
        "sharpe": 1.4133861693879424,
        "mdd": -0.30849706967569135
      }
    },
    "G2": {
      "pass": 0.0,
      "val": {
        "cagr": 0.0943829100936282,
        "sharpe": 0.4744003170885187,
        "mdd": -0.3095520979657185
      },
      "h1": -0.07493006400444246
    }
  }
}