{
  "G1_perturb": {
    "pass": true,
    "spread": 0.1312182997370801,
    "gates": "13/13"
  },
  "G2_val": {
    "pass": true,
    "cagr": 0.2618488380419146,
    "sharpe": 1.208622919257677,
    "mdd": -0.18852266260012318,
    "h1_2025": 0.026518925359149126
  },
  "G3_fill": {
    "pass": false,
    "dev_decay": 0.02620354616953513,
    "val_decay": 0.14150641586039203,
    "val_close_sharpe": 0.6505610309779449
  }
}