{
  "G1": {
    "pass": true,
    "spread": 0.1308740458126001,
    "gates": "13/13"
  },
  "G2": {
    "pass": 0.0,
    "cagr": 0.20103694241776227,
    "sharpe": 0.9881486338159148,
    "mdd": -0.19120909373823514,
    "h1": 0.0036541858113512404,
    "need": 1.0361581460129727
  }
}